<?xml version="1.0" encoding="UTF-8"?>
<plugin>
  <name>Embed Plugin</name>
  <author>BangingHeads</author>
<!-- Feel free to include your github repo here -->
  <website>https://github.com/bangingheads/UserSpiceEmbed</website>

<!-- the version of the plugin iteself -->
  <version>1.0.0</version>

<!-- release date of THIS version -->
  <release>October 21, 2021</release>

<!-- the last version of UserSpice you tested the plugin with -->
  <tested>5.3.7</tested>

<!-- What does your plugin do? -->
  <description>Allows for dynamic embeds for sites like Facebook and Discord, as well as descriptions for search engines</description>

  <!-- This is the launch button in the plugin manager. If it is blank or missing, Configure Plugin will show up. -->
    <button>Configure Embeds</button>
</plugin>
